{
  "sample_task.json": 1755008826.6353314,
  "fsm_request_20250811_093716.json": 1755008826.6573524,
  "fsm_request_20250811_093854.json": 1755008826.66836,
  "fsm_request_20250811_094226.json": 1755008826.6793766,
  "fsm_request_20250811_094736.json": 1755008826.6903775,
  "fsm_request_20250811_095246.json": 1755008826.7023907,
  "fsm_request_20250811_095754.json": 1755008826.7134078,
  "fsm_request_20250811_100302.json": 1755008826.7244089,
  "fsm_request_20250811_100810.json": 1755008826.7364202,
  "fsm_request_20250811_100931.json": 1755008826.7474298,
  "fsm_request_20250811_101323.json": 1755008826.759441,
  "fsm_request_20250811_101438.json": 1755008826.7704515,
  "fsm_request_20250811_101832.json": 1755008826.7804687,
  "fsm_request_20250811_102339.json": 1755008826.792471,
  "fsm_request_20250811_102848.json": 1755008826.8044817,
  "fsm_request_20250811_102905.json": 1755008826.8155007,
  "msg_20250811_103101_Agent-1_to_Agent-5.json": 1755008826.827503,
  "msg_20250811_103101_Agent-2_to_Agent-5.json": 1755008826.840515,
  "msg_20250811_103101_Agent-3_to_Agent-5.json": 1755008826.8525276,
  "msg_20250811_103101_Agent-4_to_Agent-5.json": 1755008826.8635361,
  "fsm_request_20250811_103356.json": 1755008826.8755467,
  "fsm_request_20250811_103412.json": 1755008826.8875587,
  "fsm_request_20250811_103906.json": 1755008826.8975668,
  "fsm_request_20250811_103923.json": 1755008826.9105883,
  "fsm_request_20250811_104415.json": 1755008826.9225898,
  "fsm_request_20250811_104432.json": 1755008826.9325993,
  "fsm_request_20250811_104927.json": 1755008826.9456105,
  "fsm_request_20250811_104942.json": 1755008826.9576218,
  "fsm_request_20250811_110741.json": 1755008826.9696333,
  "fsm_request_20250811_150903.json": 1755008826.9806428,
  "fsm_request_20250811_151424.json": 1755008826.9916523,
  "msg_20250811_112830_Captain_to_Agent-5.json": 1755008827.0036635,
  "msg_20250811_113500_Captain_to_Agent-5.json": 1755008827.0146766,
  "fsm_request_20250811_151932.json": 1755008827.0266933,
  "msg_20250811_ContractUpdate_Agent-3_to_Agent-5.json": 1755008827.0497055,
  "fsm_request_20250811_152442.json": 1755008827.0627177,
  "fsm_request_20250811_152951.json": 1755008827.0747297,
  "fsm_request_20250811_153502.json": 1755008827.0857403,
  "fsm_request_20250811_154013.json": 1755008827.0967484,
  "fsm_request_20250811_154521.json": 1755008827.1077585,
  "fsm_request_20250811_155031.json": 1755008827.11977,
  "fsm_request_20250811_155540.json": 1755008827.1307883,
  "fsm_request_20250811_160047.json": 1755008827.1417985,
  "fsm_request_20250811_160556.json": 1755008827.1548014,
  "fsm_request_20250812_045036.json": 1755008827.1708171,
  "fsm_request_20250812_090226.json": 1755008827.1818283,
  "fsm_request_20250812_090739.json": 1755008827.1948383,
  "fsm_request_20250812_091018.json": 1755008827.2068486,
  "fsm_request_20250812_092746.json": 1755008867.0514636,
  "fsm_request_20250812_092902.json": 1755008942.9803917,
  "fsm_request_20250812_093305.json": 1755009186.1417937,
  "fsm_request_20250812_093409.json": 1755009250.1464283,
  "fsm_request_20250812_093825.json": 1755009505.4166226,
  "msg_20250812_094218_Agent-2_to_Agent-5.json": 1755009738.6849577,
  "fsm_update_20250812_094240.json": 1755009761.5885777,
  "fsm_request_20250812_094342.json": 1755009822.4344423,
  "msg_20250812_094701_Agent-2_to_Agent-5.json": 1755010066.6240046,
  "fsm_request_20250812_094856.json": 1755010137.750173,
  "fsm_request_20250812_095349.json": 1755010429.3725026,
  "fsm_request_20250812_095410.json": 1755010450.7355402,
  "fsm_request_20250812_101956.json": 1755011997.003075,
  "fsm_request_20250812_102508.json": 1755012309.3261132,
  "fsm_request_20250812_102924.json": 1755012565.0143023,
  "fsm_request_20250812_103031.json": 1755012632.885785,
  "fsm_request_20250812_103545.json": 1755012946.5932925,
  "fsm_request_20250812_103953.json": 1755013193.72651,
  "fsm_request_20250812_104101.json": 1755013261.2287948,
  "fsm_update_20250812_content_testing.json": 1755022660.4623256,
  "fsm_request_20250812_122409.json": 1755022660.7105505,
  "fsm_request_20250812_123419.json": 1755022660.854681,
  "fsm_update_20250812_content_validate_and_tests.json": 1755022660.9277568,
  "fsm_update_20250812_content_quickstart_and_guidance.json": 1755022660.976792,
  "fsm_update_20250812_basic-bot_cli_smoke.json": 1755022661.191988,
  "fsm_update_20250812_gpt-automation_retry_regression.json": 1755023216.8888543,
  "fsm_request_20250812_152319.json": 1755030199.830746,
  "fsm_request_20250812_152840.json": 1755030520.480538,
  "fsm_request_20250812_153401.json": 1755030842.2344422,
  "fsm_request_20250812_153934.json": 1755031175.521216,
  "fsm_request_20250812_154347.json": 1755031429.3701463,
  "fsm_request_20250812_154503.json": 1755031504.8289201,
  "fsm_request_20250812_155028.json": 1755031835.5794215,
  "fsm_request_20250812_155551.json": 1755032154.7986562,
  "fsm_request_20250812_160118.json": 1755032479.071701,
  "fsm_request_20250812_160645.json": 1755032808.2198303,
  "fsm_request_20250812_161246.json": 1755033395.662343,
  "fsm_request_20250812_164104.json": 1755034866.7806652,
  "fsm_request_20250812_170802.json": 1755036484.2442071,
  "fsm_request_20250812_171019.json": 1755036622.965552,
  "fsm_request_20250812_173110.json": 1755037872.7548244,
  "fsm_request_20250812_174143.json": 1755038504.475654,
  "fsm_request_20250812_175135.json": 1755039095.8274572,
  "fsm_request_20250812_175216.json": 1755039136.2537403,
  "fsm_request_20250812_180246.json": 1755039766.6971998,
  "fsm_request_20250812_180612.json": 1755039972.712548,
  "fsm_request_20250812_180641.json": 1755040002.2879052,
  "fsm_request_20250812_182359.json": 1755041039.754257,
  "fsm_request_20250812_182912.json": 1755041352.8452814,
  "fsm_request_20250812_183427.json": 1755041667.5001483,
  "fsm_request_20250812_183949.json": 1755041991.8673935,
  "fsm_request_20250812_185019.json": 1755042619.9477475,
  "fsm_request_20250812_190045.json": 1755043246.1056373,
  "fsm_request_20250812_190559.json": 1755043559.986162,
  "fsm_request_20250812_191121.json": 1755043881.721041,
  "fsm_request_20250812_191635.json": 1755044195.9913945,
  "fsm_request_20250812_192706.json": 1755044826.2743094,
  "fsm_request_20250812_192932.json": 1755044972.8939476,
  "fsm_request_20250812_194319.json": 1755045799.3092206,
  "fsm_request_20250812_194830.json": 1755046110.7656484,
  "fsm_request_20250812_195344.json": 1755046424.6758087,
  "fsm_request_20250813_015828.json": 1755069365.4681196,
  "fsm_request_20250813_015849.json": 1755069365.576349,
  "fsm_request_20250813_015859.json": 1755069365.6926112,
  "fsm_request_20250813_015909.json": 1755069365.8019474,
  "fsm_request_20250813_015919.json": 1755069365.9263353,
  "fsm_request_20250813_015929.json": 1755069366.0365202,
  "fsm_request_20250813_022115.json": 1755069675.6389556,
  "fsm_request_20250813_022157.json": 1755069719.015338,
  "fsm_request_20250813_022652.json": 1755070012.6993496,
  "fsm_request_20250813_022710.json": 1755070031.0481722,
  "fsm_request_20250813_023207.json": 1755070327.6911597,
  "fsm_request_20250813_023229.json": 1755070349.33993,
  "sync_test_d5160983-bd43-4e55-96d1-70ba02efc6e4.json": 1755136013.0368495,
  "task_2fafc5a0-5d01-48f3-84b8-00e28f99afe0.json": 1755136315.4107666,
  "note_2fb75cbc-7fc0-44bc-9fcb-0f9c57f37f7b.json": 1755136315.650985,
  "ack_6b9027ad-f39c-4090-b694-2cbf1654c680.json": 1755136316.1144054,
  "fsm_request_20250813_205217.json": 1755136337.7697031,
  "fsm_request_20250813_212326.json": 1755138207.415582,
  "fsm_request_20250813_212839.json": 1755138520.4096224,
  "fsm_request_20250813_215323.json": 1755140006.3693814,
  "fsm_request_20250814_013254.json": 1755153175.0576708,
  "fsm_request_20250814_015310.json": 1755154391.1874819,
  "fsm_request_20250814_021325.json": 1755155605.5840423,
  "fsm_request_20250814_023334.json": 1755156814.3260407,
  "fsm_request_20250814_025342.json": 1755158023.1726308,